"name","email","phone","salary","department"
"asano","asano@gmail.com","0901111","2312421421","asano工場"
"asano2","asano2@gmail.com","09022222","232222421","asano2工場"
"asano3","asano3@gmail.com","0933333","23133331421","asano3工場"
"asano4","asano4@gmail.com","09044444","2314444441","asano4工場"
"asano5","asano5@gmail.com","555555","231245555521421","asano5工場"
"asano6","asano6@gmail.com","0966661","23124666621","asano6工場"
"asano","asano@gmail.com","0901111","2312421421","asano工場"
"asano2","asano2@gmail.com","09022222","232222421","asano2工場"
"asano3","asano3@gmail.com","0933333","23133331421","asano3工場"
"asano4","asano4@gmail.com","09044444","2314444441","asano4工場"
"asano5","asano5@gmail.com","555555","231245555521421","asano5工場"
"asano6","asano6@gmail.com","0966661","23124666621","asano6工場"
"asano","asano@gmail.com","0901111","2312421421","asano工場"
"asano2","asano2@gmail.com","09022222","232222421","asano2工場"
"asano3","asano3@gmail.com","0933333","23133331421","asano3工場"
"asano4","asano4@gmail.com","09044444","2314444441","asano4工場"
"asano5","asano5@gmail.com","555555","231245555521421","asano5工場"
"asano6","asano6@gmail.com","0966661","23124666621","asano6工場"
"asano","asano@gmail.com","0901111","2312421421","asano工場"
"asano2","asano2@gmail.com","09022222","232222421","asano2工場"
"asano3","asano3@gmail.com","0933333","23133331421","asano3工場"
"asano4","asano4@gmail.com","09044444","2314444441","asano4工場"
"asano5","asano5@gmail.com","555555","231245555521421","asano5工場"
"asano6","asano6@gmail.com","0966661","23124666621","asano6工場"
"asano","asano@gmail.com","0901111","2312421421","asano工場"
"asano2","asano2@gmail.com","09022222","232222421","asano2工場"
"asano3","asano3@gmail.com","0933333","23133331421","asano3工場"
"asano4","asano4@gmail.com","09044444","2314444441","asano4工場"
"asano5","asano5@gmail.com","555555","231245555521421","asano5工場"
"asano6","asano6@gmail.com","0966661","23124666621","asano6工場"
"asano6","asano6@gmail.com","0966661","23124666621","asano6工場"
"asano6","asano6@gmail.com","0966661","23124666621","asano6工場"
"asano6","asano6@gmail.com","0966661","23124666621","asano6工場"
"asano6","asano6@gmail.com","0966661","23124666621","asano6工場"
"asano6","asano6@gmail.com","0966661","23124666621","asano6工場"
"asano6","asano6@gmail.com","0966661","23124666621","asano6工場"
"asano6","asano6@gmail.com","0966661","23124666621","asano6工場"
"asano6","asano6@gmail.com","0966661","23124666621","asano6工場"
"asano6","asano6@gmail.com","0966661","23124666621","asano6工場"
"asano6","asano6@gmail.com","0966661","23124666621","asano6工場"
"asano6","asano6@gmail.com","0966661","23124666621","asano6工場"
"asano6","asano6@gmail.com","0966661","23124666621","asano6工場"
"asano6","asano6@gmail.com","0966661","23124666621","asano6工場"
"asano6","asano6@gmail.com","0966661","23124666621","asano6工場"
"asano6","asano6@gmail.com","0966661","23124666621","asano6工場"
"asano6","asano6@gmail.com","0966661","23124666621","asano6工場"
"asano","asano@gmail.com","0901111","2312421421","asano工場"
"asano2","asano2@gmail.com","09022222","232222421","asano2工場"
"asano3","asano3@gmail.com","0933333","23133331421","asano3工場"
"asano4","asano4@gmail.com","09044444","2314444441","asano4工場"
"asano5","asano5@gmail.com","555555","231245555521421","asano5工場"
"asano6","asano6@gmail.com","0966661","23124666621","asano6工場"
"asano","asano@gmail.com","0901111","2312421421","asano工場"
"asano2","asano2@gmail.com","09022222","232222421","asano2工場"
"asano3","asano3@gmail.com","0933333","23133331421","asano3工場"
"asano4","asano4@gmail.com","09044444","2314444441","asano4工場"
"asano5","asano5@gmail.com","555555","231245555521421","asano5工場"
"asano6","asano6@gmail.com","0966661","23124666621","asano6工場"
"asano","asano@gmail.com","0901111","2312421421","asano工場"
"asano2","asano2@gmail.com","09022222","232222421","asano2工場"
"asano3","asano3@gmail.com","0933333","23133331421","asano3工場"
"asano4","asano4@gmail.com","09044444","2314444441","asano4工場"
"asano5","asano5@gmail.com","555555","231245555521421","asano5工場"
"asano6","asano6@gmail.com","0966661","23124666621","asano6工場"
